{
  "patches_dir": "C:\\Users\\gonra\\Documents\\NEW DEGREE YESSIR\\4RTO CURSO\\2NDOSEMESTRE\\TFG\\FREESTYLE_FOLDER\\Enriched_files\\asc",
  "results": {
    "prec7": {
      "n_positive_patches": 481,
      "n_negative_patches": 354,
      "mean_positive": [
        9.645169319581093,
        1190.5724309021123,
        0.02043446879872661,
        294.1671181280251,
        329.1362646027563,
        189.59224661273916,
        733.2883110442925,
        316.717810902427
      ],
      "std_positive": [
        9.5420341921763,
        198.25533057249848,
        0.23368093457056668,
        87.13299319490967,
        56.71277308228664,
        87.60798318347081,
        608.00587038203,
        71.96344328811536
      ],
      "mean_negative": [
        870.9829159321758,
        33.01933549352958,
        890.5707259528381,
        0.10943982830155367,
        320.4688796134992,
        251.37686941717976,
        181.81484334482312,
        450.9148091892738
      ],
      "std_negative": [
        298.4312806017926,
        47.97173157183255,
        297.35562907402675,
        0.6505373161745768,
        126.2937068945095,
        77.33882248187125,
        86.54762993698655,
        467.1834620591811
      ]
    },
    "prec20": {
      "n_positive_patches": 481,
      "n_negative_patches": 354,
      "mean_positive": [
        342.17141956797263,
        1560.5001039247254,
        8.066925286751031,
        513.8472357291937,
        455.5560908010249,
        406.7446179300733,
        921.6659467859724,
        1566.7592173237315
      ],
      "std_positive": [
        276.42050864522395,
        172.40694537422686,
        4.850668218424553,
        156.30211898164686,
        97.19705259340336,
        118.43338115906062,
        573.2938538324746,
        448.3747417522758
      ],
      "mean_negative": [
        1792.9791394249867,
        368.50161934976524,
        1402.596239510229,
        3.600773116289559,
        603.2271059542726,
        390.867413536977,
        486.061022138865,
        895.2392415623207
      ],
      "std_negative": [
        369.16561630804387,
        198.5066155616799,
        245.59088667970738,
        5.4305597694326115,
        193.86744396076168,
        98.3704736070411,
        216.93086032036342,
        434.14934702019514
      ]
    },
    "max2d_7": {
      "n_positive_patches": 481,
      "n_negative_patches": 354,
      "mean_positive": [
        9.628299189704371,
        725.3660370317169,
        0.11574606786398779,
        373.4229856399885,
        326.2244502204372,
        175.29444709190955,
        675.2773497456573,
        309.9673703326505
      ],
      "std_positive": [
        9.535791823730177,
        187.77627566317963,
        0.3630629022989485,
        95.56862094802035,
        56.743731919381254,
        84.21309694733831,
        566.3375732780867,
        69.16908023879486
      ],
      "mean_negative": [
        517.323817150741,
        32.82250196381477,
        612.4505400576834,
        0.11891045004634535,
        383.3366801806089,
        250.1276452231542,
        146.6761856294621,
        414.6898664054224
      ],
      "std_negative": [
        115.49240448788362,
        48.03298185435515,
        215.93960772259177,
        0.6515717625601213,
        143.25649327073415,
        77.48633239816651,
        81.93507368543122,
        417.3649585822857
      ]
    }
  },
  "failed_files": []
}