{
  "variables": [
    "MASK",
    "DEM",
    "slope",
    "aspect_sin",
    "aspect_cos",
    "profile_curvature",
    "area_drainage",
    "ls",
    "spi",
    "twi",
    "distance_to_drainage",
    "lithology_class"
  ],
  "method": "pearson",
  "n_samples_total": 13680640,
  "correlation_matrix": [
    [
      1.0,
      -0.014415167688708187,
      0.023912871639323388,
      -0.0016178734286228598,
      -0.007016461295311457,
      0.0008316065732272689,
      0.0005880496780661825,
      0.012897484019478708,
      0.0027927576919045314,
      -0.009534553604296071,
      -0.013267728265105558,
      0.02600536960651381
    ],
    [
      -0.014415167688708189,
      1.0,
      0.3073908499724996,
      0.006169792271057512,
      -0.05334218918622671,
      0.008438007784659281,
      -0.0083637114319887,
      0.037929220850666495,
      -0.010654354621391623,
      -0.22897430698624513,
      0.23298280667459723,
      -0.17765343216716437
    ],
    [
      0.023912871639323388,
      0.3073908499724996,
      1.0,
      -0.009428735090430596,
      -0.2109646831033491,
      -0.002535799563767972,
      -0.00392915063747914,
      0.23901630853378658,
      0.01122716838987206,
      -0.5513440082151575,
      0.04602951729908312,
      0.09230148348781168
    ],
    [
      -0.0016178734286228596,
      0.006169792271057512,
      -0.009428735090430596,
      1.0,
      -0.006060494177421825,
      6.386352153681206e-05,
      -0.00031588274180577574,
      -0.002829604534744364,
      -0.00035519765121514476,
      0.008651094966950823,
      0.01427692104892359,
      -0.0034852988137335154
    ],
    [
      -0.007016461295311457,
      -0.053342189186226706,
      -0.2109646831033491,
      -0.006060494177421825,
      1.0,
      0.00228233663726893,
      0.0014022665471944997,
      -0.04774364601628446,
      -0.0033140926062374064,
      0.3511312725538477,
      -0.01948979722982212,
      -0.03182199846917768
    ],
    [
      0.0008316065732272687,
      0.008438007784659281,
      -0.002535799563767972,
      6.386352153681206e-05,
      0.00228233663726893,
      1.0,
      -9.233931866319992e-05,
      -0.003921879138982953,
      -0.000595621338640049,
      0.001292462657350938,
      0.00977471126636799,
      0.002298999497982801
    ],
    [
      0.0005880496780661824,
      -0.0083637114319887,
      -0.00392915063747914,
      -0.0003158827418057757,
      0.0014022665471944997,
      -9.233931866319992e-05,
      1.0,
      0.12733658979118506,
      0.5498664604544513,
      0.02884438928563531,
      -0.010415728825527536,
      -0.0022147008821303315
    ],
    [
      0.012897484019478708,
      0.0379292208506665,
      0.23901630853378658,
      -0.002829604534744364,
      -0.047743646016284454,
      -0.003921879138982953,
      0.12733658979118506,
      1.0,
      0.509924530134817,
      0.06439597627924001,
      -0.08580425134420751,
      0.02015919822702942
    ],
    [
      0.0027927576919045314,
      -0.010654354621391623,
      0.011227168389872057,
      -0.00035519765121514476,
      -0.0033140926062374064,
      -0.000595621338640049,
      0.5498664604544513,
      0.509924530134817,
      1.0,
      0.034983123451691085,
      -0.019640016344734314,
      0.0010172062462040401
    ],
    [
      -0.009534553604296073,
      -0.22897430698624513,
      -0.5513440082151576,
      0.008651094966950821,
      0.3511312725538477,
      0.001292462657350938,
      0.028844389285635316,
      0.06439597627924001,
      0.034983123451691085,
      1.0,
      -0.09873873471380318,
      -0.08100081122661448
    ],
    [
      -0.013267728265105558,
      0.23298280667459723,
      0.04602951729908312,
      0.014276921048923589,
      -0.019489797229822116,
      0.00977471126636799,
      -0.010415728825527538,
      -0.0858042513442075,
      -0.019640016344734314,
      -0.09873873471380318,
      1.0,
      0.017499651819312276
    ],
    [
      0.026005369606513812,
      -0.17765343216716437,
      0.0923014834878117,
      -0.003485298813733515,
      -0.03182199846917768,
      0.002298999497982801,
      -0.0022147008821303315,
      0.02015919822702942,
      0.0010172062462040401,
      -0.0810008112266145,
      0.017499651819312276,
      1.0
    ]
  ]
}